-- phpMyAdmin SQL Dump
-- version 5.2.1
-- https://www.phpmyadmin.net/
--
-- Host: 127.0.0.1
-- Generation Time: Oct 21, 2024 at 11:20 PM
-- Server version: 10.4.32-MariaDB
-- PHP Version: 8.2.12

SET SQL_MODE = "NO_AUTO_VALUE_ON_ZERO";
START TRANSACTION;
SET time_zone = "+00:00";


/*!40101 SET @OLD_CHARACTER_SET_CLIENT=@@CHARACTER_SET_CLIENT */;
/*!40101 SET @OLD_CHARACTER_SET_RESULTS=@@CHARACTER_SET_RESULTS */;
/*!40101 SET @OLD_COLLATION_CONNECTION=@@COLLATION_CONNECTION */;
/*!40101 SET NAMES utf8mb4 */;

--
-- Database: `overseas_job_central`
-- if you already had `overseas_job_central` database, remove followed database creating codes.
-- otherwise run all sql as followed.

CREATE DATABASE IF NOT EXISTS `overseas_job_central`;
USE `overseas_job_central`;
-- --------------------------------------------------------

--
-- Table structure for table `admins`
--

CREATE TABLE `admins` (
  `id` int(11) NOT NULL,
  `username` varchar(50) NOT NULL,
  `email` varchar(100) NOT NULL,
  `password` varchar(255) NOT NULL,
  `created_at` timestamp NOT NULL DEFAULT current_timestamp()
) ENGINE=InnoDB DEFAULT CHARSET=utf8mb4 COLLATE=utf8mb4_general_ci;

--
-- Dumping data for table `admins`
--

INSERT INTO `admins` (`id`, `username`, `email`, `password`, `created_at`) VALUES
(1, 'admin1', 'admin1@gmail.com', '$2y$10$RmK0vQ/MUZJTjE1nE7RcWeNUxwSzrVNzebS4zajPCTaiOlHGy/aJK', '2024-09-30 03:29:01');

-- --------------------------------------------------------

--
-- Table structure for table `applied_jobs`
--

CREATE TABLE `applied_jobs` (
  `id` int(11) NOT NULL,
  `employee_id` bigint(20) UNSIGNED NOT NULL,
  `job_id` int(11) NOT NULL,
  `application_date` datetime NOT NULL,
  `status` enum('applied','interviewing','offer','rejected','withdrawn') NOT NULL,
  `interview_date` datetime DEFAULT NULL,
  `interviewer` varchar(50) DEFAULT NULL,
  `notes` text DEFAULT NULL
) ENGINE=InnoDB DEFAULT CHARSET=utf8mb4 COLLATE=utf8mb4_general_ci;

--
-- Dumping data for table `applied_jobs`
--

INSERT INTO `applied_jobs` (`id`, `employee_id`, `job_id`, `application_date`, `status`, `interview_date`, `interviewer`, `notes`) VALUES
(1, 1, 1, '2024-08-14 11:13:37', 'applied', NULL, NULL, NULL),
(2, 1, 61, '2024-08-14 12:38:10', 'applied', NULL, NULL, NULL),
(3, 1, 3, '2024-08-14 12:40:27', 'applied', NULL, NULL, NULL),
(4, 1, 37, '2024-08-14 12:41:09', 'applied', NULL, NULL, NULL),
(5, 1, 66, '2024-08-14 12:46:49', 'applied', NULL, NULL, NULL),
(6, 1, 68, '2024-08-14 12:47:57', 'applied', NULL, NULL, NULL),
(7, 1, 4, '2024-08-14 13:33:59', 'applied', NULL, NULL, NULL),
(8, 1, 5, '2024-08-15 08:09:25', 'applied', NULL, NULL, NULL),
(9, 2, 4, '2024-10-05 03:08:57', 'applied', NULL, NULL, NULL),
(10, 2, 11, '2024-10-05 03:22:12', 'applied', NULL, NULL, NULL),
(11, 3, 1, '2024-10-06 23:02:43', 'applied', NULL, NULL, NULL),
(12, 1, 26, '2024-10-16 02:13:47', 'applied', NULL, NULL, NULL);

-- --------------------------------------------------------

--
-- Table structure for table `employees`
--

CREATE TABLE `employees` (
  `id` bigint(20) UNSIGNED NOT NULL,
  `username` varchar(50) NOT NULL,
  `email` varchar(100) NOT NULL,
  `password` varchar(255) NOT NULL,
  `role` varchar(50) DEFAULT NULL,
  `phone` varchar(20) DEFAULT NULL,
  `address` varchar(100) DEFAULT NULL,
  `description` text DEFAULT NULL,
  `image` varchar(255) DEFAULT NULL,
  `created_at` timestamp NOT NULL DEFAULT current_timestamp()
) ENGINE=InnoDB DEFAULT CHARSET=utf8mb4 COLLATE=utf8mb4_general_ci;

--
-- Dumping data for table `employees`
--

INSERT INTO `employees` (`id`, `username`, `email`, `password`, `role`, `phone`, `address`, `description`, `image`, `created_at`) VALUES
(1, 'ThanTunAung', 't.thantunaung@gmail.com', '$2y$10$cUyMM0zBnVOOu.WyJbMkVOC1vs7PWLPe3orsewv8Cf51WmEmTOff6', 'Web developer, software developer', '+66 0634711557', 'Building-35, 50 soi ramkhamhaeng, bangkapi, bankkok, thailand.', 'As a passionate and skilled PHP Developer, I specialize in building robust and scalable web applications. With a deep understanding of PHP and hands-on experience in working with frameworks like Laravel and CodeIgniter, I have developed a wide range of web applications that meet both user and business needs.', 'D 98136_1.jpg', '2024-08-08 00:26:00'),
(2, 'mgmgyoeyar', 'mgmgyoeyar@gmail.com', '$2y$10$tY/95W8y2SMl7rNSImsjZ.EWLOPnp3E6P71gs7QRuQEbrevkmT0.G', 'React developer, php developer', '09798174380, 0997484', 'Building-46, Innwa housing, Myeik street, 20 quarter, South Dagon, Yangon, Myanmar.', 'testing description. testing description. testing description. testing description. testing description. testing description. testing description. testing description. testing description. testing description. testing description. testing description.', 'ThanTunAung-DV size.jpg', '2024-09-13 08:45:43'),
(3, 'KoKoYoeYar', 'kokoyoeyar@gmail.com', '$2y$10$.WTGrcnbKjpCzjYb9Cg8PuwC.42jFh6Xcixy.U68F2qur2PSnzds.', NULL, NULL, NULL, NULL, NULL, '2024-10-06 16:02:20'),
(5, 'ThuRein', 'thurein@gmail.com', '$2y$10$EY1q2dgDMyKtFMxjgFd7Vezrx0VKe9zGi4Utpy/zqqgMGMFLPRtg2', NULL, NULL, NULL, NULL, NULL, '2024-10-15 18:23:13');

-- --------------------------------------------------------

--
-- Table structure for table `employers`
--

CREATE TABLE `employers` (
  `id` bigint(20) UNSIGNED NOT NULL,
  `username` varchar(50) NOT NULL,
  `email` varchar(100) NOT NULL,
  `password` varchar(255) NOT NULL,
  `company_name` varchar(100) NOT NULL,
  `company_address` text DEFAULT NULL,
  `company_phone` varchar(100) DEFAULT NULL,
  `company_detail` text DEFAULT NULL,
  `company_logo` varchar(255) DEFAULT NULL,
  `created_at` timestamp NOT NULL DEFAULT current_timestamp()
) ENGINE=InnoDB DEFAULT CHARSET=utf8mb4 COLLATE=utf8mb4_general_ci;

--
-- Dumping data for table `employers`
--

INSERT INTO `employers` (`id`, `username`, `email`, `password`, `company_name`, `company_address`, `company_phone`, `company_detail`, `company_logo`, `created_at`) VALUES
(1, 'Boss1', 'boss1@gmail.com', '$2y$10$Qwwup48NoOUYQKLG.YnIheEh5gszuS8dhaOxFU17RwzUhfEHNMTj2', 'TheBiggestBoss Co.,Ltd.', 'Building-46, Innwa housing, Myeik street, 20 quarter, South Dagon, Yangon, Myanmar.', '09 798174380, 09 974847753', 'the biggest scamming company in the world. if u join us, u can be the biggest scammer all over the world.', 'born-to-code-3840x2160-10608.png', '2024-08-08 00:25:23'),
(2, 'someboss', 'someboss@example.com', '$2y$10$Mgn6HWVCZTbA5ewYAlfQoOlN92ul3P6q6LTt3ubh/cfg6zX30fmaq', 'somework', 'Building-46, Innwa housing, Myeik street, 20 quarter, South Dagon, Yangon, Myanmar.', '09 798174380, 09 974847753', 'sample company info of some boss. sample company info of some boss. sample company info of some boss. sample company info of some boss. sample company info of some boss. sample company info of some boss. sample company info of some boss. ', 'DSC_7337 A.jpg', '2024-10-04 19:33:29'),
(3, 'John Doe', 'John Doe@example.com', 'password123', 'ABC Corporation', '', '', '', '', '2024-10-04 19:33:29'),
(4, 'Jane Smith', 'JaneSmith@example.com', '$2y$10$bgfkUzDPavQc/2Je1adE2uEMTn.Bijf6Gw30MN9I/8L00cnFnvDsq', 'XYZ Inc.', '', '', '', '', '2024-10-04 19:33:29'),
(5, 'Bob Johnson', 'Bob Johnson@example.com', 'password123', ' DEF Inc.', '', '', '', '', '2024-10-04 19:33:29'),
(6, 'Alice Brown', 'Alice Brown@example.com', 'password123', 'GHI Corporation', '', '', '', '', '2024-10-04 19:33:29'),
(7, 'Mike Davis', 'Mike Davis@example.com', 'password123', 'JKL Bank', '', '', '', '', '2024-10-04 19:33:29'),
(8, 'Emily Chen', 'Emily Chen@example.com', 'password123', 'MNO Inc.', '', '', '', '', '2024-10-04 19:33:29'),
(9, 'David Lee', 'David Lee@example.com', 'password123', 'PQR Inc.', '', '', '', '', '2024-10-04 19:33:29'),
(10, 'Sarah Taylor', 'Sarah Taylor@example.com', 'password123', 'STU Design', '', '', '', '', '2024-10-04 19:33:29'),
(11, 'Kevin White', 'Kevin White@example.com', 'password123', 'VWX Inc.', '', '', '', '', '2024-10-04 19:33:29'),
(12, 'Lisa Nguyen', 'Lisa Nguyen@example.com', 'password123', 'YZA Inc.', '', '', '', '', '2024-10-04 19:33:29'),
(13, 'John Smith', 'John Smith@example.com', 'password123', 'ABC Corporation', '', '', '', '', '2024-10-04 19:33:29'),
(14, 'Jane Doe', 'Jane Doe@example.com', 'password123', 'XYZ Inc.', '', '', '', '', '2024-10-04 19:33:29'),
(15, 'Mr. someboss', 'Mr. someboss@example.com', 'password123', 'Somesome Co.,Ltd.', '', '', '', '', '2024-10-04 19:33:29'),
(16, 'Mrs. Code', 'Mrs. Code@example.com', 'password123', 'Code de Grace Beauty code', '', '', '', '', '2024-10-04 19:33:29'),
(17, 'Alex Johnson', 'Alex Johnson@example.com', 'password123', 'Creative Agency\n', '', '', '', '', '2024-10-04 19:33:29'),
(18, 'Emily Brown', 'Emily Brown@example.com', 'password123', 'Design Hub', '', '', '', '', '2024-10-04 19:33:29'),
(19, 'Chris Lee', 'Chris Lee@example.com', 'password123', 'Digital Marketing Co.', '', '', '', '', '2024-10-04 19:33:29'),
(20, 'Michael Davis', 'Michael Davis@example.com', 'password123', 'IT Solutions', '', '', '', '', '2024-10-04 19:33:29'),
(21, 'David Wilson', 'David Wilson@example.com', 'password123', 'Bright Tech', '', '', '', '', '2024-10-04 19:33:29'),
(22, 'Sophia Martinez', 'Sophia Martinez@example.com', 'password123', 'Innovative Solutions', '', '', '', '', '2024-10-04 19:33:29'),
(23, 'Ethan Garcia', 'Ethan Garcia@example.com', 'password123', 'Creative Minds', '', '', '', '', '2024-10-04 19:33:29'),
(24, 'Liam Anderson', 'Liam Anderson@example.com', 'password123', 'Tech Innovators', '', '', '', '', '2024-10-04 19:33:29'),
(25, 'Ava Thomas', 'Ava Thomas@example.com', 'password123', 'App Masters', '', '', '', '', '2024-10-04 19:33:29'),
(26, 'Lucas Hernandez', 'Lucas Hernandez@example.com', 'password123', 'Playtime Studios', '', '', '', '', '2024-10-04 19:33:29'),
(27, 'Mia Robinson', 'Mia Robinson@example.com', 'password123', 'Animation Pro', '', '', '', '', '2024-10-04 19:33:29'),
(28, 'Elijah White', 'Elijah White@example.com', 'password123', 'Marketing Gurus', '', '', '', '', '2024-10-04 19:33:29'),
(29, 'Amelia Harris', 'Amelia Harris@example.com', 'password123', 'Content Creators', '', '', '', '', '2024-10-04 19:33:29'),
(30, 'James Clark', 'James Clark@example.com', 'password123', 'NetWorks', '', '', '', '', '2024-10-04 19:33:29'),
(31, 'Benjamin Lewis', 'Benjamin Lewis@example.com', 'password123', 'CloudOps Ltd.', '', '', '', '', '2024-10-04 19:33:29'),
(32, 'Charlotte Young', 'Charlotte Young@example.com', 'password123', 'Quality First', '', '', '', '', '2024-10-04 19:33:29'),
(33, 'William King', 'William King@example.com', 'password123', 'ManageIt Co.', '', '', '', '', '2024-10-04 19:33:29'),
(34, 'Olivia Scott', 'Olivia Scott@example.com', 'password123', 'SysTech', '', '', '', '', '2024-10-04 19:33:29'),
(35, 'Henry Green', 'Henry Green@example.com', 'password123', 'Data Insights', '', '', '', '', '2024-10-04 19:33:29'),
(36, 'Isabella Hall', 'Isabella Hall@example.com', 'password123', 'SecureTech', '', '', '', '', '2024-10-04 19:33:29'),
(37, 'Alexander Turner', 'Alexander Turner@example.com', 'password123', 'DB Solutions', '', '', '', '', '2024-10-04 19:33:29'),
(38, 'Emily Baker', 'Emily Baker@example.com', 'password123', 'HelpDesk Co.', '', '', '', '', '2024-10-04 19:33:29'),
(39, 'Michael Wright', 'Michael Wright@example.com', 'password123', 'Cloud Innovators', '', '', '', '', '2024-10-04 19:33:29'),
(40, 'Daniel Walker', 'Daniel Walker@example.com', 'password123', 'BlockChain Co.', '', '', '', '', '2024-10-04 19:33:29'),
(41, 'Olivia Evans', 'Olivia Evans@example.com', 'password123', 'Tech Lead Co.', '', '', '', '', '2024-10-04 19:33:29'),
(42, 'Liam Davis', 'Liam Davis@example.com', 'password123', 'Responsive Solutions', '', '', '', '', '2024-10-04 19:33:29'),
(43, 'Sophia Johnson', 'Sophia Johnson@example.com', 'password123', 'Creative Design Ltd.', '', '', '', '', '2024-10-04 19:33:29'),
(44, 'Mason Brown', 'Mason Brown@example.com', 'password123', 'FontMasters', '', '', '', '', '2024-10-04 19:33:29');

-- --------------------------------------------------------

--
-- Table structure for table `jobs`
--

CREATE TABLE `jobs` (
  `id` int(11) NOT NULL,
  `job_title` varchar(100) NOT NULL,
  `job_desc` text NOT NULL,
  `responsibilities` text DEFAULT NULL,
  `experience` text DEFAULT NULL,
  `skills` text DEFAULT NULL,
  `requirements` text DEFAULT NULL,
  `salary` varchar(50) DEFAULT NULL,
  `job_location` varchar(100) NOT NULL,
  `employer` varchar(50) NOT NULL,
  `employer_id` int(100) NOT NULL,
  `status` int(10) DEFAULT NULL,
  `created_at` timestamp NOT NULL DEFAULT current_timestamp(),
  `updated_at` timestamp NULL DEFAULT NULL,
  `deleted_at` timestamp NULL DEFAULT NULL
) ENGINE=InnoDB DEFAULT CHARSET=utf8mb4 COLLATE=utf8mb4_general_ci;

--
-- Dumping data for table `jobs`
--

INSERT INTO `jobs` (`id`, `job_title`, `job_desc`, `responsibilities`, `experience`, `skills`, `requirements`, `salary`, `job_location`, `employer`, `employer_id`, `status`, `created_at`, `updated_at`, `deleted_at`) VALUES
(1, 'Hiring Web Designer for Project', 'JD for designing user-friendly and visually appealing websites.\r\nJD for designing user-friendly and visually appealing websites.\r\ntestingtestingtesting', 'Develop and maintain high-quality software applications<br>Collaborate with cross-functional teams to identify and prioritize project requirements<br>Design, develop, and test new features and functionality<br>Troubleshoot and resolve technical issues<br>Participate in code reviews and ensure adherence to coding standards', '3-5 years of experience in software development', 'Java, Python, C++, JavaScript, HTML/CSS, Agile, Scrum, Version control systems (Git, SVN)', 'Bachelor\'s degree in Computer Science or related field<br>At least 3 years of experience in software development<br>Proficient in languages such as Java, Python, or C++<br>Experience with Agile development methodologies<br>Strong problem-solving skills and attention to detail', '$80,000 - $120,000 per year', 'Washington. D.C.', 'someboss', 2, 2, '2024-08-08 03:51:30', NULL, NULL),
(2, 'Senior Accountant', 'Manage financial records and prepare tax returns for a large corporation.Manage financial records and prepare tax returns for a large corporation.Manage financial records and prepare tax returns for a large corporation.Manage financial records and prepare tax returns for a large corporation.Manage financial records and prepare tax returns for a large corporation.Manage financial records and prepare tax returns for a large corporation.Manage financial records and prepare tax returns for a large corporation.Manage financial records and prepare tax returns for a large corporation.Manage financial records and prepare tax returns for a large corporation.Manage financial records and prepare tax returns for a large corporation.Manage financial records and prepare tax returns for a large corporation.Manage financial records and prepare tax returns for a large corporation.Manage financial records and prepare tax returns for a large corporation.Manage financial records and prepare tax returns for a large corporation.Manage financial records and prepare tax returns for a large corporation.Manage financial records and prepare tax returns for a large corporation.', 'Develop and maintain high-quality software applications<br>Collaborate with cross-functional teams to identify and prioritize project requirements<br>Design, develop, and test new features and functionality<br>Troubleshoot and resolve technical issues<br>Participate in code reviews and ensure adherence to coding standards', '3-5 years of experience in software development', 'Java, Python, C++, JavaScript, HTML/CSS, Agile, Scrum, Version control systems (Git, SVN)', 'Bachelor\'s degree in Computer Science or related field<br>At least 3 years of experience in software development<br>Proficient in languages such as Java, Python, or C++<br>Experience with Agile development methodologies<br>Strong problem-solving skills and attention to detail', '$80,000 - $120,000 per year', 'New York', 'John Doe', 3, 2, '2024-08-07 11:00:00', NULL, NULL),
(3, 'Software Engineer', 'Develop and maintain software applications for a tech startup.Develop and maintain software applications for a tech startup.Develop and maintain software applications for a tech startup.Develop and maintain software applications for a tech startup.', 'Develop and maintain high-quality software applications<br>Collaborate with cross-functional teams to identify and prioritize project requirements<br>Design, develop, and test new features and functionality<br>Troubleshoot and resolve technical issues<br>Participate in code reviews and ensure adherence to coding standards', '3-5 years of experience in software development', 'Java, Python, C++, JavaScript, HTML/CSS, Agile, Scrum, Version control systems (Git, SVN)', 'Bachelor\'s degree in Computer Science or related field<br>At least 3 years of experience in software development<br>Proficient in languages such as Java, Python, or C++<br>Experience with Agile development methodologies<br>Strong problem-solving skills and attention to detail', '$80,000 - $120,000 per year', 'San Francisco', 'Jane Smith', 4, 2, '2024-08-07 11:00:00', NULL, NULL),
(4, 'Human Resources Manager', 'Oversee recruitment, training, and employee relations for a mid-sized company.Oversee recruitment, training, and employee relations for a mid-sized company.Oversee recruitment, training, and employee relations for a mid-sized company.Oversee recruitment, training, and employee relations for a mid-sized company.', 'Develop and maintain high-quality software applications<br>Collaborate with cross-functional teams to identify and prioritize project requirements<br>Design, develop, and test new features and functionality<br>Troubleshoot and resolve technical issues<br>Participate in code reviews and ensure adherence to coding standards', '3-5 years of experience in software development', 'Java, Python, C++, JavaScript, HTML/CSS, Agile, Scrum, Version control systems (Git, SVN)', 'Bachelor\'s degree in Computer Science or related field<br>At least 3 years of experience in software development<br>Proficient in languages such as Java, Python, or C++<br>Experience with Agile development methodologies<br>Strong problem-solving skills and attention to detail', '$80,000 - $120,000 per year', 'Chicago', 'Bob Johnson', 5, 2, '2024-08-07 11:00:00', NULL, NULL),
(5, 'Administrative Assistant', 'Provide administrative support to teams and departments for a large corporation.Provide administrative support to teams and departments for a large corporation.Provide administrative support to teams and departments for a large corporation.Provide administrative support to teams and departments for a large corporation.', 'Develop and maintain high-quality software applications<br>Collaborate with cross-functional teams to identify and prioritize project requirements<br>Design, develop, and test new features and functionality<br>Troubleshoot and resolve technical issues<br>Participate in code reviews and ensure adherence to coding standards', '3-5 years of experience in software development', 'Java, Python, C++, JavaScript, HTML/CSS, Agile, Scrum, Version control systems (Git, SVN)', 'Bachelor\'s degree in Computer Science or related field<br>At least 3 years of experience in software development<br>Proficient in languages such as Java, Python, or C++<br>Experience with Agile development methodologies<br>Strong problem-solving skills and attention to detail', '$80,000 - $120,000 per year', 'Los Angeles', 'Alice Brown', 6, 2, '2024-08-07 11:00:00', NULL, NULL),
(6, 'Data Analyst', 'Analyze and interpret data to inform business decisions for a financial institution.Analyze and interpret data to inform business decisions for a financial institution.Analyze and interpret data to inform business decisions for a financial institution.Analyze and interpret data to inform business decisions for a financial institution.', 'Develop and maintain high-quality software applications<br>Collaborate with cross-functional teams to identify and prioritize project requirements<br>Design, develop, and test new features and functionality<br>Troubleshoot and resolve technical issues<br>Participate in code reviews and ensure adherence to coding standards', '3-5 years of experience in software development', 'Java, Python, C++, JavaScript, HTML/CSS, Agile, Scrum, Version control systems (Git, SVN)', 'Bachelor\'s degree in Computer Science or related field<br>At least 3 years of experience in software development<br>Proficient in languages such as Java, Python, or C++<br>Experience with Agile development methodologies<br>Strong problem-solving skills and attention to detail', '$80,000 - $120,000 per year', 'New York', 'Mike Davis', 7, 2, '2024-08-07 11:00:00', NULL, NULL),
(7, 'Marketing Manager', 'Develop and execute marketing campaigns to promote products or services for a retail company.Develop and execute marketing campaigns to promote products or services for a retail company.Develop and execute marketing campaigns to promote products or services for a retail company.', 'Develop and maintain high-quality software applications<br>Collaborate with cross-functional teams to identify and prioritize project requirements<br>Design, develop, and test new features and functionality<br>Troubleshoot and resolve technical issues<br>Participate in code reviews and ensure adherence to coding standards', '3-5 years of experience in software development', 'Java, Python, C++, JavaScript, HTML/CSS, Agile, Scrum, Version control systems (Git, SVN)', 'Bachelor\'s degree in Computer Science or related field<br>At least 3 years of experience in software development<br>Proficient in languages such as Java, Python, or C++<br>Experience with Agile development methodologies<br>Strong problem-solving skills and attention to detail', '$80,000 - $120,000 per year', 'Miami', 'Emily Chen', 8, 2, '2024-08-07 11:00:00', NULL, NULL),
(8, 'Network Administrator', 'Install, configure, and maintain computer networks for a tech company.Install, configure, and maintain computer networks for a tech company.Install, configure, and maintain computer networks for a tech company.', 'Develop and maintain high-quality software applications<br>Collaborate with cross-functional teams to identify and prioritize project requirements<br>Design, develop, and test new features and functionality<br>Troubleshoot and resolve technical issues<br>Participate in code reviews and ensure adherence to coding standards', '3-5 years of experience in software development', 'Java, Python, C++, JavaScript, HTML/CSS, Agile, Scrum, Version control systems (Git, SVN)', 'Bachelor\'s degree in Computer Science or related field<br>At least 3 years of experience in software development<br>Proficient in languages such as Java, Python, or C++<br>Experience with Agile development methodologies<br>Strong problem-solving skills and attention to detail', '$80,000 - $120,000 per year', 'Seattle', 'David Lee', 9, 2, '2024-08-07 11:00:00', NULL, NULL),
(9, 'Graphic Designer', 'Create visual content for websites, social media, and marketing materials for a design firm.Create visual content for websites, social media, and marketing materials for a design firm.Create visual content for websites, social media, and marketing materials for a design firm.', 'Develop and maintain high-quality software applications<br>Collaborate with cross-functional teams to identify and prioritize project requirements<br>Design, develop, and test new features and functionality<br>Troubleshoot and resolve technical issues<br>Participate in code reviews and ensure adherence to coding standards', '3-5 years of experience in software development', 'Java, Python, C++, JavaScript, HTML/CSS, Agile, Scrum, Version control systems (Git, SVN)', 'Bachelor\'s degree in Computer Science or related field<br>At least 3 years of experience in software development<br>Proficient in languages such as Java, Python, or C++<br>Experience with Agile development methodologies<br>Strong problem-solving skills and attention to detail', '$80,000 - $120,000 per year', 'Los Angeles', 'Sarah Taylor', 10, 2, '2024-08-07 11:00:00', NULL, NULL),
(10, 'Customer Service Representative', 'Respond to customer inquiries and resolve issues for a call center.Respond to customer inquiries and resolve issues for a call center.Respond to customer inquiries and resolve issues for a call center.Respond to customer inquiries and resolve issues for a call center.', 'Develop and maintain high-quality software applications<br>Collaborate with cross-functional teams to identify and prioritize project requirements<br>Design, develop, and test new features and functionality<br>Troubleshoot and resolve technical issues<br>Participate in code reviews and ensure adherence to coding standards', '3-5 years of experience in software development', 'Java, Python, C++, JavaScript, HTML/CSS, Agile, Scrum, Version control systems (Git, SVN)', 'Bachelor\'s degree in Computer Science or related field<br>At least 3 years of experience in software development<br>Proficient in languages such as Java, Python, or C++<br>Experience with Agile development methodologies<br>Strong problem-solving skills and attention to detail', '$80,000 - $120,000 per year', 'Dallas', 'Kevin White', 11, 2, '2024-08-07 11:00:00', NULL, NULL),
(11, 'Operations Manager', 'Oversee daily operations and manage teams to achieve business objectives for a manufacturing company.Oversee daily operations and manage teams to achieve business objectives for a manufacturing company.Oversee daily operations and manage teams to achieve business objectives for a manufacturing company.Oversee daily operations and manage teams to achieve business objectives for a manufacturing company.', 'Develop and maintain high-quality software applications<br>Collaborate with cross-functional teams to identify and prioritize project requirements<br>Design, develop, and test new features and functionality<br>Troubleshoot and resolve technical issues<br>Participate in code reviews and ensure adherence to coding standards', '3-5 years of experience in software development', 'Java, Python, C++, JavaScript, HTML/CSS, Agile, Scrum, Version control systems (Git, SVN)', 'Bachelor\'s degree in Computer Science or related field<br>At least 3 years of experience in software development<br>Proficient in languages such as Java, Python, or C++<br>Experience with Agile development methodologies<br>Strong problem-solving skills and attention to detail', '$80,000 - $120,000 per year', 'Detroit', 'Lisa Nguyen', 12, 2, '2024-08-07 11:00:00', NULL, NULL),
(12, 'Sales Manager', 'Develop and execute sales strategies to meet business objectives for a retail company.', 'Develop and maintain high-quality software applications<br>Collaborate with cross-functional teams to identify and prioritize project requirements<br>Design, develop, and test new features and functionality<br>Troubleshoot and resolve technical issues<br>Participate in code reviews and ensure adherence to coding standards', '3-5 years of experience in software development', 'Java, Python, C++, JavaScript, HTML/CSS, Agile, Scrum, Version control systems (Git, SVN)', 'Bachelor\'s degree in Computer Science or related field<br>At least 3 years of experience in software development<br>Proficient in languages such as Java, Python, or C++<br>Experience with Agile development methodologies<br>Strong problem-solving skills and attention to detail', '$80,000 - $120,000 per year', 'New York', 'John Smith', 13, 2, '2024-08-07 11:00:00', NULL, NULL),
(13, 'IT Project Manager', 'Oversee IT projects from planning to delivery for a tech company.', 'Develop and maintain high-quality software applications<br>Collaborate with cross-functional teams to identify and prioritize project requirements<br>Design, develop, and test new features and functionality<br>Troubleshoot and resolve technical issues<br>Participate in code reviews and ensure adherence to coding standards', '3-5 years of experience in software development', 'Java, Python, C++, JavaScript, HTML/CSS, Agile, Scrum, Version control systems (Git, SVN)', 'Bachelor\'s degree in Computer Science or related field<br>At least 3 years of experience in software development<br>Proficient in languages such as Java, Python, or C++<br>Experience with Agile development methodologies<br>Strong problem-solving skills and attention to detail', '$80,000 - $120,000 per year', 'San Francisco', 'Jane Doe', 14, 2, '2024-08-07 11:00:00', NULL, NULL),
(14, 'Financial Analyst', 'Analyze financial data to inform business decisions for a financial institution.', 'Develop and maintain high-quality software applications<br>Collaborate with cross-functional teams to identify and prioritize project requirements<br>Design, develop, and test new features and functionality<br>Troubleshoot and resolve technical issues<br>Participate in code reviews and ensure adherence to coding standards', '3-5 years of experience in software development', 'Java, Python, C++, JavaScript, HTML/CSS, Agile, Scrum, Version control systems (Git, SVN)', 'Bachelor\'s degree in Computer Science or related field<br>At least 3 years of experience in software development<br>Proficient in languages such as Java, Python, or C++<br>Experience with Agile development methodologies<br>Strong problem-solving skills and attention to detail', '$80,000 - $120,000 per year', 'Chicago', 'Bob Johnson', 5, 2, '2024-08-07 11:00:00', NULL, NULL),
(15, 'Marketing Coordinator', 'Assist in developing and executing marketing campaigns for a retail company.', 'Develop and maintain high-quality software applications<br>Collaborate with cross-functional teams to identify and prioritize project requirements<br>Design, develop, and test new features and functionality<br>Troubleshoot and resolve technical issues<br>Participate in code reviews and ensure adherence to coding standards', '3-5 years of experience in software development', 'Java, Python, C++, JavaScript, HTML/CSS, Agile, Scrum, Version control systems (Git, SVN)', 'Bachelor\'s degree in Computer Science or related field<br>At least 3 years of experience in software development<br>Proficient in languages such as Java, Python, or C++<br>Experience with Agile development methodologies<br>Strong problem-solving skills and attention to detail', '$80,000 - $120,000 per year', 'Los Angeles', 'Alice Brown', 6, 2, '2024-08-07 11:00:00', NULL, NULL),
(16, 'Software Developer', 'Design, develop, and test software applications for a tech startup.', 'Develop and maintain high-quality software applications<br>Collaborate with cross-functional teams to identify and prioritize project requirements<br>Design, develop, and test new features and functionality<br>Troubleshoot and resolve technical issues<br>Participate in code reviews and ensure adherence to coding standards', '3-5 years of experience in software development', 'Java, Python, C++, JavaScript, HTML/CSS, Agile, Scrum, Version control systems (Git, SVN)', 'Bachelor\'s degree in Computer Science or related field<br>At least 3 years of experience in software development<br>Proficient in languages such as Java, Python, or C++<br>Experience with Agile development methodologies<br>Strong problem-solving skills and attention to detail', '$80,000 - $120,000 per year', 'New York', 'Mike Davis', 7, 2, '2024-08-07 11:00:00', NULL, NULL),
(17, 'Human Resources Generalist', 'Assist in recruitment, training, and employee relations for a mid-sized company.', 'Develop and maintain high-quality software applications<br>Collaborate with cross-functional teams to identify and prioritize project requirements<br>Design, develop, and test new features and functionality<br>Troubleshoot and resolve technical issues<br>Participate in code reviews and ensure adherence to coding standards', '3-5 years of experience in software development', 'Java, Python, C++, JavaScript, HTML/CSS, Agile, Scrum, Version control systems (Git, SVN)', 'Bachelor\'s degree in Computer Science or related field<br>At least 3 years of experience in software development<br>Proficient in languages such as Java, Python, or C++<br>Experience with Agile development methodologies<br>Strong problem-solving skills and attention to detail', '$80,000 - $120,000 per year', 'Miami', 'Emily Chen', 8, 2, '2024-08-07 11:00:00', NULL, NULL),
(18, 'Network Engineer', 'Design, implement, and maintain computer networks for a tech company.', 'Develop and maintain high-quality software applications<br>Collaborate with cross-functional teams to identify and prioritize project requirements<br>Design, develop, and test new features and functionality<br>Troubleshoot and resolve technical issues<br>Participate in code reviews and ensure adherence to coding standards', '3-5 years of experience in software development', 'Java, Python, C++, JavaScript, HTML/CSS, Agile, Scrum, Version control systems (Git, SVN)', 'Bachelor\'s degree in Computer Science or related field<br>At least 3 years of experience in software development<br>Proficient in languages such as Java, Python, or C++<br>Experience with Agile development methodologies<br>Strong problem-solving skills and attention to detail', '$80,000 - $120,000 per year', 'Seattle', 'David Lee', 9, 2, '2024-08-07 11:00:00', NULL, NULL),
(19, 'Graphic Designer', 'Create visual content for websites, social media, and marketing materials for a design firm.', 'Develop and maintain high-quality software applications<br>Collaborate with cross-functional teams to identify and prioritize project requirements<br>Design, develop, and test new features and functionality<br>Troubleshoot and resolve technical issues<br>Participate in code reviews and ensure adherence to coding standards', '3-5 years of experience in software development', 'Java, Python, C++, JavaScript, HTML/CSS, Agile, Scrum, Version control systems (Git, SVN)', 'Bachelor\'s degree in Computer Science or related field<br>At least 3 years of experience in software development<br>Proficient in languages such as Java, Python, or C++<br>Experience with Agile development methodologies<br>Strong problem-solving skills and attention to detail', '$80,000 - $120,000 per year', 'Los Angeles', 'Sarah Taylor', 10, 2, '2024-08-07 11:00:00', NULL, NULL),
(20, 'Customer Service Representative', 'Respond to customer inquiries and resolve issues for a call center.', 'Develop and maintain high-quality software applications<br>Collaborate with cross-functional teams to identify and prioritize project requirements<br>Design, develop, and test new features and functionality<br>Troubleshoot and resolve technical issues<br>Participate in code reviews and ensure adherence to coding standards', '3-5 years of experience in software development', 'Java, Python, C++, JavaScript, HTML/CSS, Agile, Scrum, Version control systems (Git, SVN)', 'Bachelor\'s degree in Computer Science or related field<br>At least 3 years of experience in software development<br>Proficient in languages such as Java, Python, or C++<br>Experience with Agile development methodologies<br>Strong problem-solving skills and attention to detail', '$80,000 - $120,000 per year', 'Dallas', 'Kevin White', 11, 2, '2024-08-07 11:00:00', NULL, NULL),
(21, 'Operations Coordinator', 'Assist in overseeing daily operations and managing teams for a manufacturing company.', 'Develop and maintain high-quality software applications<br>Collaborate with cross-functional teams to identify and prioritize project requirements<br>Design, develop, and test new features and functionality<br>Troubleshoot and resolve technical issues<br>Participate in code reviews and ensure adherence to coding standards', '3-5 years of experience in software development', 'Java, Python, C++, JavaScript, HTML/CSS, Agile, Scrum, Version control systems (Git, SVN)', 'Bachelor\'s degree in Computer Science or related field<br>At least 3 years of experience in software development<br>Proficient in languages such as Java, Python, or C++<br>Experience with Agile development methodologies<br>Strong problem-solving skills and attention to detail', '$80,000 - $120,000 per year', 'Detroit', 'Lisa Nguyen', 12, 2, '2024-08-07 11:00:00', NULL, NULL),
(22, 'Data Scientist', 'Analyze and interpret complex data to inform business decisions for a financial institution.', 'Develop and maintain high-quality software applications<br>Collaborate with cross-functional teams to identify and prioritize project requirements<br>Design, develop, and test new features and functionality<br>Troubleshoot and resolve technical issues<br>Participate in code reviews and ensure adherence to coding standards', '3-5 years of experience in software development', 'Java, Python, C++, JavaScript, HTML/CSS, Agile, Scrum, Version control systems (Git, SVN)', 'Bachelor\'s degree in Computer Science or related field<br>At least 3 years of experience in software development<br>Proficient in languages such as Java, Python, or C++<br>Experience with Agile development methodologies<br>Strong problem-solving skills and attention to detail', '$80,000 - $120,000 per year', 'New York', 'John Smith', 13, 2, '2024-08-07 11:00:00', NULL, NULL),
(23, 'UX Designer', 'Design user interfaces for software applications and websites for a tech company.', 'Develop and maintain high-quality software applications<br>Collaborate with cross-functional teams to identify and prioritize project requirements<br>Design, develop, and test new features and functionality<br>Troubleshoot and resolve technical issues<br>Participate in code reviews and ensure adherence to coding standards', '3-5 years of experience in software development', 'Java, Python, C++, JavaScript, HTML/CSS, Agile, Scrum, Version control systems (Git, SVN)', 'Bachelor\'s degree in Computer Science or related field<br>At least 3 years of experience in software development<br>Proficient in languages such as Java, Python, or C++<br>Experience with Agile development methodologies<br>Strong problem-solving skills and attention to detail', '$80,000 - $120,000 per year', 'San Francisco', 'Jane Doe', 14, 2, '2024-08-07 11:00:00', NULL, NULL),
(24, 'Accountant', 'Prepare and review financial statements and tax returns for a mid-sized company.', 'Develop and maintain high-quality software applications<br>Collaborate with cross-functional teams to identify and prioritize project requirements<br>Design, develop, and test new features and functionality<br>Troubleshoot and resolve technical issues<br>Participate in code reviews and ensure adherence to coding standards', '3-5 years of experience in software development', 'Java, Python, C++, JavaScript, HTML/CSS, Agile, Scrum, Version control systems (Git, SVN)', 'Bachelor\'s degree in Computer Science or related field<br>At least 3 years of experience in software development<br>Proficient in languages such as Java, Python, or C++<br>Experience with Agile development methodologies<br>Strong problem-solving skills and attention to detail', '$80,000 - $120,000 per year', 'Chicago', 'Bob Johnson', 5, 2, '2024-08-07 11:00:00', NULL, NULL),
(25, 'Marketing Research Analyst', 'Analyze market trends and consumer behavior for a retail company.', 'Develop and maintain high-quality software applications<br>Collaborate with cross-functional teams to identify and prioritize project requirements<br>Design, develop, and test new features and functionality<br>Troubleshoot and resolve technical issues<br>Participate in code reviews and ensure adherence to coding standards', '3-5 years of experience in software development', 'Java, Python, C++, JavaScript, HTML/CSS, Agile, Scrum, Version control systems (Git, SVN)', 'Bachelor\'s degree in Computer Science or related field<br>At least 3 years of experience in software development<br>Proficient in languages such as Java, Python, or C++<br>Experience with Agile development methodologies<br>Strong problem-solving skills and attention to detail', '$80,000 - $120,000 per year', 'Los Angeles', 'Alice Brown', 6, 2, '2024-08-07 11:00:00', NULL, NULL),
(26, 'Software Tester', 'Test and debug software applications for a tech startup.', 'Develop and maintain high-quality software applications<br>Collaborate with cross-functional teams to identify and prioritize project requirements<br>Design, develop, and test new features and functionality<br>Troubleshoot and resolve technical issues<br>Participate in code reviews and ensure adherence to coding standards', '3-5 years of experience in software development', 'Java, Python, C++, JavaScript, HTML/CSS, Agile, Scrum, Version control systems (Git, SVN)', 'Bachelor\'s degree in Computer Science or related field<br>At least 3 years of experience in software development<br>Proficient in languages such as Java, Python, or C++<br>Experience with Agile development methodologies<br>Strong problem-solving skills and attention to detail', '$80,000 - $120,000 per year', 'New York', 'Mike Davis', 7, 2, '2024-08-07 11:00:00', NULL, NULL),
(27, 'Human Resources Manager', 'Oversee recruitment, training, and employee relations for a mid-sized company.', 'Develop and maintain high-quality software applications<br>Collaborate with cross-functional teams to identify and prioritize project requirements<br>Design, develop, and test new features and functionality<br>Troubleshoot and resolve technical issues<br>Participate in code reviews and ensure adherence to coding standards', '3-5 years of experience in software development', 'Java, Python, C++, JavaScript, HTML/CSS, Agile, Scrum, Version control systems (Git, SVN)', 'Bachelor\'s degree in Computer Science or related field<br>At least 3 years of experience in software development<br>Proficient in languages such as Java, Python, or C++<br>Experience with Agile development methodologies<br>Strong problem-solving skills and attention to detail', '$80,000 - $120,000 per year', 'Miami', 'Emily Chen', 8, 2, '2024-08-07 11:00:00', NULL, NULL),
(28, 'Data Scientist', 'Analyze and interpret complex data to inform business decisions for a tech company.', 'Develop and maintain high-quality software applications<br>Collaborate with cross-functional teams to identify and prioritize project requirements<br>Design, develop, and test new features and functionality<br>Troubleshoot and resolve technical issues<br>Participate in code reviews and ensure adherence to coding standards', '3-5 years of experience in software development', 'Java, Python, C++, JavaScript, HTML/CSS, Agile, Scrum, Version control systems (Git, SVN)', 'Bachelor\'s degree in Computer Science or related field<br>At least 3 years of experience in software development<br>Proficient in languages such as Java, Python, or C++<br>Experience with Agile development methodologies<br>Strong problem-solving skills and attention to detail', '$80,000 - $120,000 per year', 'San Francisco', 'Jane Doe', 14, 2, '2024-08-08 05:58:00', NULL, NULL),
(29, 'Product Manager', 'Oversee product development and launch for a tech startup.', 'Develop and maintain high-quality software applications<br>Collaborate with cross-functional teams to identify and prioritize project requirements<br>Design, develop, and test new features and functionality<br>Troubleshoot and resolve technical issues<br>Participate in code reviews and ensure adherence to coding standards', '3-5 years of experience in software development', 'Java, Python, C++, JavaScript, HTML/CSS, Agile, Scrum, Version control systems (Git, SVN)', 'Bachelor\'s degree in Computer Science or related field<br>At least 3 years of experience in software development<br>Proficient in languages such as Java, Python, or C++<br>Experience with Agile development methodologies<br>Strong problem-solving skills and attention to detail', '$80,000 - $120,000 per year', 'New York', 'John Smith', 13, 2, '2024-08-08 05:58:00', NULL, NULL),
(30, 'UX Designer', 'Design user interfaces for software applications and websites for a design firm.', 'Develop and maintain high-quality software applications<br>Collaborate with cross-functional teams to identify and prioritize project requirements<br>Design, develop, and test new features and functionality<br>Troubleshoot and resolve technical issues<br>Participate in code reviews and ensure adherence to coding standards', '3-5 years of experience in software development', 'Java, Python, C++, JavaScript, HTML/CSS, Agile, Scrum, Version control systems (Git, SVN)', 'Bachelor\'s degree in Computer Science or related field<br>At least 3 years of experience in software development<br>Proficient in languages such as Java, Python, or C++<br>Experience with Agile development methodologies<br>Strong problem-solving skills and attention to detail', '$80,000 - $120,000 per year', 'Los Angeles', 'Sarah Taylor', 10, 2, '2024-08-08 05:58:00', NULL, NULL),
(31, 'Business Analyst', 'Analyze market trends and business operations for a consulting firm.', 'Develop and maintain high-quality software applications<br>Collaborate with cross-functional teams to identify and prioritize project requirements<br>Design, develop, and test new features and functionality<br>Troubleshoot and resolve technical issues<br>Participate in code reviews and ensure adherence to coding standards', '3-5 years of experience in software development', 'Java, Python, C++, JavaScript, HTML/CSS, Agile, Scrum, Version control systems (Git, SVN)', 'Bachelor\'s degree in Computer Science or related field<br>At least 3 years of experience in software development<br>Proficient in languages such as Java, Python, or C++<br>Experience with Agile development methodologies<br>Strong problem-solving skills and attention to detail', '$80,000 - $120,000 per year', 'Chicago', 'Bob Johnson', 5, 2, '2024-08-08 05:58:00', NULL, NULL),
(32, 'Content Writer', 'Create engaging and informative content for a media company.', 'Develop and maintain high-quality software applications<br>Collaborate with cross-functional teams to identify and prioritize project requirements<br>Design, develop, and test new features and functionality<br>Troubleshoot and resolve technical issues<br>Participate in code reviews and ensure adherence to coding standards', '3-5 years of experience in software development', 'Java, Python, C++, JavaScript, HTML/CSS, Agile, Scrum, Version control systems (Git, SVN)', 'Bachelor\'s degree in Computer Science or related field<br>At least 3 years of experience in software development<br>Proficient in languages such as Java, Python, or C++<br>Experience with Agile development methodologies<br>Strong problem-solving skills and attention to detail', '$80,000 - $120,000 per year', 'Miami', 'Emily Chen', 8, 2, '2024-08-08 05:58:00', NULL, NULL),
(33, 'DevOps Engineer', 'Design and implement scalable and secure infrastructure for web applications.', 'Develop and maintain high-quality software applications<br>Collaborate with cross-functional teams to identify and prioritize project requirements<br>Design, develop, and test new features and functionality<br>Troubleshoot and resolve technical issues<br>Participate in code reviews and ensure adherence to coding standards', '3-5 years of experience in software development', 'Java, Python, C++, JavaScript, HTML/CSS, Agile, Scrum, Version control systems (Git, SVN)', 'Bachelor\'s degree in Computer Science or related field<br>At least 3 years of experience in software development<br>Proficient in languages such as Java, Python, or C++<br>Experience with Agile development methodologies<br>Strong problem-solving skills and attention to detail', '$80,000 - $120,000 per year', 'Seattle', 'David Lee', 9, 2, '2024-08-08 05:58:00', NULL, NULL),
(34, 'Graphic Designer', 'Create visual content for websites, social media, and marketing materials for a marketing agency.', 'Develop and maintain high-quality software applications<br>Collaborate with cross-functional teams to identify and prioritize project requirements<br>Design, develop, and test new features and functionality<br>Troubleshoot and resolve technical issues<br>Participate in code reviews and ensure adherence to coding standards', '3-5 years of experience in software development', 'Java, Python, C++, JavaScript, HTML/CSS, Agile, Scrum, Version control systems (Git, SVN)', 'Bachelor\'s degree in Computer Science or related field<br>At least 3 years of experience in software development<br>Proficient in languages such as Java, Python, or C++<br>Experience with Agile development methodologies<br>Strong problem-solving skills and attention to detail', '$80,000 - $120,000 per year', 'Los Angeles', 'Alice Brown', 6, 2, '2024-08-08 05:58:00', NULL, NULL),
(35, 'Software Tester', 'Test and debug software applications for a tech company.', 'Develop and maintain high-quality software applications<br>Collaborate with cross-functional teams to identify and prioritize project requirements<br>Design, develop, and test new features and functionality<br>Troubleshoot and resolve technical issues<br>Participate in code reviews and ensure adherence to coding standards', '3-5 years of experience in software development', 'Java, Python, C++, JavaScript, HTML/CSS, Agile, Scrum, Version control systems (Git, SVN)', 'Bachelor\'s degree in Computer Science or related field<br>At least 3 years of experience in software development<br>Proficient in languages such as Java, Python, or C++<br>Experience with Agile development methodologies<br>Strong problem-solving skills and attention to detail', '$80,000 - $120,000 per year', 'San Francisco', 'Mike Davis', 7, 2, '2024-08-08 05:58:00', NULL, NULL),
(36, 'Technical Support Specialist', 'Provide technical assistance and support for a software company.', 'Develop and maintain high-quality software applications<br>Collaborate with cross-functional teams to identify and prioritize project requirements<br>Design, develop, and test new features and functionality<br>Troubleshoot and resolve technical issues<br>Participate in code reviews and ensure adherence to coding standards', '3-5 years of experience in software development', 'Java, Python, C++, JavaScript, HTML/CSS, Agile, Scrum, Version control systems (Git, SVN)', 'Bachelor\'s degree in Computer Science or related field<br>At least 3 years of experience in software development<br>Proficient in languages such as Java, Python, or C++<br>Experience with Agile development methodologies<br>Strong problem-solving skills and attention to detail', '$80,000 - $120,000 per year', 'Dallas', 'Kevin White', 11, 2, '2024-08-08 05:58:00', NULL, NULL),
(37, 'Web Developer', 'Develop and maintain dynamic web applications using PHP and Laravel for a web development agency.', 'Develop and maintain high-quality software applications<br>Collaborate with cross-functional teams to identify and prioritize project requirements<br>Design, develop, and test new features and functionality<br>Troubleshoot and resolve technical issues<br>Participate in code reviews and ensure adherence to coding standards', '3-5 years of experience in software development', 'Java, Python, C++, JavaScript, HTML/CSS, Agile, Scrum, Version control systems (Git, SVN)', 'Bachelor\'s degree in Computer Science or related field<br>At least 3 years of experience in software development<br>Proficient in languages such as Java, Python, or C++<br>Experience with Agile development methodologies<br>Strong problem-solving skills and attention to detail', '$80,000 - $120,000 per year', 'Detroit', 'Lisa Nguyen', 12, 2, '2024-08-08 05:58:00', NULL, NULL),
(38, 'Development Team Lead', 'Technical Skills:\r\nProficiency in one or more programming languages (e.g., Java, Python, C++, JavaScript).\r\nExperience with software development methodologies (e.g., Agile, Scrum, Kanban).\r\nStrong understanding of computer science fundamentals, including data structures, algorithms, and software design patterns.\r\nLeadership Experience:\r\n2+ years of experience leading a team of software engineers.\r\nProven track record of delivering high-quality software products on time and on budget.\r\nExperience with mentoring, coaching, and developing the skills of team members.', 'Develop and maintain high-quality software applications<br>Collaborate with cross-functional teams to identify and prioritize project requirements<br>Design, develop, and test new features and functionality<br>Troubleshoot and resolve technical issues<br>Participate in code reviews and ensure adherence to coding standards', '3-5 years of experience in software development', 'Java, Python, C++, JavaScript, HTML/CSS, Agile, Scrum, Version control systems (Git, SVN)', 'Bachelor\'s degree in Computer Science or related field<br>At least 3 years of experience in software development<br>Proficient in languages such as Java, Python, or C++<br>Experience with Agile development methodologies<br>Strong problem-solving skills and attention to detail', '$80,000 - $120,000 per year', 'Washington. D.C.', 'Mr. someboss', 15, 2, '2024-08-08 18:08:00', NULL, NULL),
(39, 'Make my website responsive device compatible', 'Responsive Web Design:\r\nDesign and develop responsive web pages that adapt to different screen sizes, devices, and browsers.\r\nEnsure that the website is accessible and usable across various devices, including desktops, laptops, tablets, and mobile phones.\r\nImplement responsive design principles, including flexible grids, images, and media queries.\r\nFront-end Development:\r\nWrite clean, efficient, and well-documented front-end code using HTML, CSS, and JavaScript.\r\nUtilize front-end frameworks and libraries, such as Bootstrap, Foundation, or React, to build responsive web pages.\r\nEnsure that the website is compatible with various browsers, including Chrome, Firefox, Safari, and Internet Explorer.\r\nTesting and Debugging:\r\nTest and debug responsive web pages to ensure that they are functioning as expected across various devices and browsers.\r\nIdentify and resolve front-end bugs and issues, including those related to layout, styling, and JavaScript functionality.\r\nCollaborate with the QA team to ensure that the website meets the required quality standards.\r\nCollaboration and Communication:\r\nCollaborate with the design team to ensure that the responsive design meets the required design standards.\r\nCommunicate technical plans, progress, and results to stakeholders, including non-technical audiences.\r\nParticipate in code reviews and provide feedback to ensure that the front-end code is of high quality.\r\nRequirements:\r\n', 'Develop and maintain high-quality software applications<br>Collaborate with cross-functional teams to identify and prioritize project requirements<br>Design, develop, and test new features and functionality<br>Troubleshoot and resolve technical issues<br>Participate in code reviews and ensure adherence to coding standards', '3-5 years of experience in software development', 'Java, Python, C++, JavaScript, HTML/CSS, Agile, Scrum, Version control systems (Git, SVN)', 'Bachelor\'s degree in Computer Science or related field<br>At least 3 years of experience in software development<br>Proficient in languages such as Java, Python, or C++<br>Experience with Agile development methodologies<br>Strong problem-solving skills and attention to detail', '$80,000 - $120,000 per year', 'New York', 'Mrs. Code', 16, 2, '2024-08-08 18:14:29', NULL, NULL),
(40, 'Looking WordPress Developer for ThemeForest', 'Develop and maintain dynamic web applications using PHP and Laravel for a web development agency.', 'Develop and maintain high-quality software applications<br>Collaborate with cross-functional teams to identify and prioritize project requirements<br>Design, develop, and test new features and functionality<br>Troubleshoot and resolve technical issues<br>Participate in code reviews and ensure adherence to coding standards', '3-5 years of experience in software development', 'Java, Python, C++, JavaScript, HTML/CSS, Agile, Scrum, Version control systems (Git, SVN)', 'Bachelor\'s degree in Computer Science or related field<br>At least 3 years of experience in software development<br>Proficient in languages such as Java, Python, or C++<br>Experience with Agile development methodologies<br>Strong problem-solving skills and attention to detail', '$80,000 - $120,000 per year', 'Mandalay, Myanmar', 'Alex Johnson', 17, 2, '2024-08-08 22:38:51', NULL, NULL),
(41, 'Web Designer', 'Responsible for designing user-friendly and visually appealing websites.', 'Develop and maintain high-quality software applications<br>Collaborate with cross-functional teams to identify and prioritize project requirements<br>Design, develop, and test new features and functionality<br>Troubleshoot and resolve technical issues<br>Participate in code reviews and ensure adherence to coding standards', '3-5 years of experience in software development', 'Java, Python, C++, JavaScript, HTML/CSS, Agile, Scrum, Version control systems (Git, SVN)', 'Bachelor\'s degree in Computer Science or related field<br>At least 3 years of experience in software development<br>Proficient in languages such as Java, Python, or C++<br>Experience with Agile development methodologies<br>Strong problem-solving skills and attention to detail', '$80,000 - $120,000 per year', 'Yangon, Myanmar', 'John Doe', 3, 2, '2024-08-08 22:41:08', NULL, NULL),
(42, 'Web Developer', 'Develop and maintain websites, ensuring high performance and availability.', 'Develop and maintain high-quality software applications<br>Collaborate with cross-functional teams to identify and prioritize project requirements<br>Design, develop, and test new features and functionality<br>Troubleshoot and resolve technical issues<br>Participate in code reviews and ensure adherence to coding standards', '3-5 years of experience in software development', 'Java, Python, C++, JavaScript, HTML/CSS, Agile, Scrum, Version control systems (Git, SVN)', 'Bachelor\'s degree in Computer Science or related field<br>At least 3 years of experience in software development<br>Proficient in languages such as Java, Python, or C++<br>Experience with Agile development methodologies<br>Strong problem-solving skills and attention to detail', '$80,000 - $120,000 per year', 'Mandalay, Myanmar', 'Jane Smith', 4, 2, '2024-08-08 22:41:08', NULL, NULL),
(43, 'Game Developer', 'Create and develop games for various platforms, focusing on gameplay mechanics.', 'Develop and maintain high-quality software applications<br>Collaborate with cross-functional teams to identify and prioritize project requirements<br>Design, develop, and test new features and functionality<br>Troubleshoot and resolve technical issues<br>Participate in code reviews and ensure adherence to coding standards', '3-5 years of experience in software development', 'Java, Python, C++, JavaScript, HTML/CSS, Agile, Scrum, Version control systems (Git, SVN)', 'Bachelor\'s degree in Computer Science or related field<br>At least 3 years of experience in software development<br>Proficient in languages such as Java, Python, or C++<br>Experience with Agile development methodologies<br>Strong problem-solving skills and attention to detail', '$80,000 - $120,000 per year', 'Naypyidaw, Myanmar', 'Alex Johnson', 17, 2, '2024-08-08 22:41:08', NULL, NULL),
(44, 'Graphic Artist', 'Design visual content including illustrations, logos, and advertisements.', 'Develop and maintain high-quality software applications<br>Collaborate with cross-functional teams to identify and prioritize project requirements<br>Design, develop, and test new features and functionality<br>Troubleshoot and resolve technical issues<br>Participate in code reviews and ensure adherence to coding standards', '3-5 years of experience in software development', 'Java, Python, C++, JavaScript, HTML/CSS, Agile, Scrum, Version control systems (Git, SVN)', 'Bachelor\'s degree in Computer Science or related field<br>At least 3 years of experience in software development<br>Proficient in languages such as Java, Python, or C++<br>Experience with Agile development methodologies<br>Strong problem-solving skills and attention to detail', '$80,000 - $120,000 per year', 'Yangon, Myanmar', 'Emily Brown', 18, 2, '2024-08-08 22:41:08', NULL, NULL),
(45, 'SEO Specialist', 'Optimize website content for search engines to improve rankings and visibility.', 'Develop and maintain high-quality software applications<br>Collaborate with cross-functional teams to identify and prioritize project requirements<br>Design, develop, and test new features and functionality<br>Troubleshoot and resolve technical issues<br>Participate in code reviews and ensure adherence to coding standards', '3-5 years of experience in software development', 'Java, Python, C++, JavaScript, HTML/CSS, Agile, Scrum, Version control systems (Git, SVN)', 'Bachelor\'s degree in Computer Science or related field<br>At least 3 years of experience in software development<br>Proficient in languages such as Java, Python, or C++<br>Experience with Agile development methodologies<br>Strong problem-solving skills and attention to detail', '$80,000 - $120,000 per year', 'Mandalay, Myanmar', 'Chris Lee', 19, 2, '2024-08-08 22:41:08', NULL, NULL),
(46, 'Server Administrator', 'Manage and maintain servers, ensuring security and reliability.', 'Develop and maintain high-quality software applications<br>Collaborate with cross-functional teams to identify and prioritize project requirements<br>Design, develop, and test new features and functionality<br>Troubleshoot and resolve technical issues<br>Participate in code reviews and ensure adherence to coding standards', '3-5 years of experience in software development', 'Java, Python, C++, JavaScript, HTML/CSS, Agile, Scrum, Version control systems (Git, SVN)', 'Bachelor\'s degree in Computer Science or related field<br>At least 3 years of experience in software development<br>Proficient in languages such as Java, Python, or C++<br>Experience with Agile development methodologies<br>Strong problem-solving skills and attention to detail', '$80,000 - $120,000 per year', 'Yangon, Myanmar', 'Michael Davis', 20, 2, '2024-08-08 22:41:08', NULL, NULL);
INSERT INTO `jobs` (`id`, `job_title`, `job_desc`, `responsibilities`, `experience`, `skills`, `requirements`, `salary`, `job_location`, `employer`, `employer_id`, `status`, `created_at`, `updated_at`, `deleted_at`) VALUES
(47, 'Front-End Developer', 'Build and optimize web pages using HTML, CSS, and JavaScript.', 'Develop and maintain high-quality software applications<br>Collaborate with cross-functional teams to identify and prioritize project requirements<br>Design, develop, and test new features and functionality<br>Troubleshoot and resolve technical issues<br>Participate in code reviews and ensure adherence to coding standards', '3-5 years of experience in software development', 'Java, Python, C++, JavaScript, HTML/CSS, Agile, Scrum, Version control systems (Git, SVN)', 'Bachelor\'s degree in Computer Science or related field<br>At least 3 years of experience in software development<br>Proficient in languages such as Java, Python, or C++<br>Experience with Agile development methodologies<br>Strong problem-solving skills and attention to detail', '$80,000 - $120,000 per year', 'Yangon, Myanmar', 'David Wilson', 21, 2, '2024-08-08 22:56:52', NULL, NULL),
(48, 'Back-End Developer', 'Develop server-side logic, databases, and APIs.', 'Develop and maintain high-quality software applications<br>Collaborate with cross-functional teams to identify and prioritize project requirements<br>Design, develop, and test new features and functionality<br>Troubleshoot and resolve technical issues<br>Participate in code reviews and ensure adherence to coding standards', '3-5 years of experience in software development', 'Java, Python, C++, JavaScript, HTML/CSS, Agile, Scrum, Version control systems (Git, SVN)', 'Bachelor\'s degree in Computer Science or related field<br>At least 3 years of experience in software development<br>Proficient in languages such as Java, Python, or C++<br>Experience with Agile development methodologies<br>Strong problem-solving skills and attention to detail', '$80,000 - $120,000 per year', 'Mandalay, Myanmar', 'Sophia Martinez', 22, 2, '2024-08-08 22:56:52', NULL, NULL),
(49, 'UI/UX Designer', 'Create user-centered designs by understanding business requirements.', 'Develop and maintain high-quality software applications<br>Collaborate with cross-functional teams to identify and prioritize project requirements<br>Design, develop, and test new features and functionality<br>Troubleshoot and resolve technical issues<br>Participate in code reviews and ensure adherence to coding standards', '3-5 years of experience in software development', 'Java, Python, C++, JavaScript, HTML/CSS, Agile, Scrum, Version control systems (Git, SVN)', 'Bachelor\'s degree in Computer Science or related field<br>At least 3 years of experience in software development<br>Proficient in languages such as Java, Python, or C++<br>Experience with Agile development methodologies<br>Strong problem-solving skills and attention to detail', '$80,000 - $120,000 per year', 'Naypyidaw, Myanmar', 'Ethan Garcia', 23, 2, '2024-08-08 22:56:52', NULL, NULL),
(50, 'Full-Stack Developer', 'Work on both front-end and back-end development tasks.', 'Develop and maintain high-quality software applications<br>Collaborate with cross-functional teams to identify and prioritize project requirements<br>Design, develop, and test new features and functionality<br>Troubleshoot and resolve technical issues<br>Participate in code reviews and ensure adherence to coding standards', '3-5 years of experience in software development', 'Java, Python, C++, JavaScript, HTML/CSS, Agile, Scrum, Version control systems (Git, SVN)', 'Bachelor\'s degree in Computer Science or related field<br>At least 3 years of experience in software development<br>Proficient in languages such as Java, Python, or C++<br>Experience with Agile development methodologies<br>Strong problem-solving skills and attention to detail', '$80,000 - $120,000 per year', 'Yangon, Myanmar', 'Liam Anderson', 24, 2, '2024-08-08 22:56:52', NULL, NULL),
(51, 'Mobile App Developer', 'Develop mobile applications for Android and iOS platforms.', 'Develop and maintain high-quality software applications<br>Collaborate with cross-functional teams to identify and prioritize project requirements<br>Design, develop, and test new features and functionality<br>Troubleshoot and resolve technical issues<br>Participate in code reviews and ensure adherence to coding standards', '3-5 years of experience in software development', 'Java, Python, C++, JavaScript, HTML/CSS, Agile, Scrum, Version control systems (Git, SVN)', 'Bachelor\'s degree in Computer Science or related field<br>At least 3 years of experience in software development<br>Proficient in languages such as Java, Python, or C++<br>Experience with Agile development methodologies<br>Strong problem-solving skills and attention to detail', '$80,000 - $120,000 per year', 'Mandalay, Myanmar', 'Ava Thomas', 25, 2, '2024-08-08 22:56:52', NULL, NULL),
(52, 'Game Designer', 'Design game concepts, mechanics, and levels.', 'Develop and maintain high-quality software applications<br>Collaborate with cross-functional teams to identify and prioritize project requirements<br>Design, develop, and test new features and functionality<br>Troubleshoot and resolve technical issues<br>Participate in code reviews and ensure adherence to coding standards', '3-5 years of experience in software development', 'Java, Python, C++, JavaScript, HTML/CSS, Agile, Scrum, Version control systems (Git, SVN)', 'Bachelor\'s degree in Computer Science or related field<br>At least 3 years of experience in software development<br>Proficient in languages such as Java, Python, or C++<br>Experience with Agile development methodologies<br>Strong problem-solving skills and attention to detail', '$80,000 - $120,000 per year', 'Naypyidaw, Myanmar', 'Lucas Hernandez', 26, 2, '2024-08-08 22:56:52', NULL, NULL),
(53, '3D Animator', 'Create 3D animations for games, movies, and commercials.', 'Develop and maintain high-quality software applications<br>Collaborate with cross-functional teams to identify and prioritize project requirements<br>Design, develop, and test new features and functionality<br>Troubleshoot and resolve technical issues<br>Participate in code reviews and ensure adherence to coding standards', '3-5 years of experience in software development', 'Java, Python, C++, JavaScript, HTML/CSS, Agile, Scrum, Version control systems (Git, SVN)', 'Bachelor\'s degree in Computer Science or related field<br>At least 3 years of experience in software development<br>Proficient in languages such as Java, Python, or C++<br>Experience with Agile development methodologies<br>Strong problem-solving skills and attention to detail', '$80,000 - $120,000 per year', 'Yangon, Myanmar', 'Mia Robinson', 27, 2, '2024-08-08 22:56:52', NULL, NULL),
(54, 'Digital Marketing Specialist', 'Plan and execute digital marketing campaigns.', 'Develop and maintain high-quality software applications<br>Collaborate with cross-functional teams to identify and prioritize project requirements<br>Design, develop, and test new features and functionality<br>Troubleshoot and resolve technical issues<br>Participate in code reviews and ensure adherence to coding standards', '3-5 years of experience in software development', 'Java, Python, C++, JavaScript, HTML/CSS, Agile, Scrum, Version control systems (Git, SVN)', 'Bachelor\'s degree in Computer Science or related field<br>At least 3 years of experience in software development<br>Proficient in languages such as Java, Python, or C++<br>Experience with Agile development methodologies<br>Strong problem-solving skills and attention to detail', '$80,000 - $120,000 per year', 'Mandalay, Myanmar', 'Elijah White', 28, 2, '2024-08-08 22:56:52', NULL, NULL),
(55, 'Content Writer', 'Write engaging and SEO-friendly content for websites and blogs.', 'Develop and maintain high-quality software applications<br>Collaborate with cross-functional teams to identify and prioritize project requirements<br>Design, develop, and test new features and functionality<br>Troubleshoot and resolve technical issues<br>Participate in code reviews and ensure adherence to coding standards', '3-5 years of experience in software development', 'Java, Python, C++, JavaScript, HTML/CSS, Agile, Scrum, Version control systems (Git, SVN)', 'Bachelor\'s degree in Computer Science or related field<br>At least 3 years of experience in software development<br>Proficient in languages such as Java, Python, or C++<br>Experience with Agile development methodologies<br>Strong problem-solving skills and attention to detail', '$80,000 - $120,000 per year', 'Naypyidaw, Myanmar', 'Amelia Harris', 29, 2, '2024-08-08 22:56:52', NULL, NULL),
(56, 'Network Engineer', 'Design, implement, and manage networking solutions.', 'Develop and maintain high-quality software applications<br>Collaborate with cross-functional teams to identify and prioritize project requirements<br>Design, develop, and test new features and functionality<br>Troubleshoot and resolve technical issues<br>Participate in code reviews and ensure adherence to coding standards', '3-5 years of experience in software development', 'Java, Python, C++, JavaScript, HTML/CSS, Agile, Scrum, Version control systems (Git, SVN)', 'Bachelor\'s degree in Computer Science or related field<br>At least 3 years of experience in software development<br>Proficient in languages such as Java, Python, or C++<br>Experience with Agile development methodologies<br>Strong problem-solving skills and attention to detail', '$80,000 - $120,000 per year', 'Yangon, Myanmar', 'James Clark', 30, 2, '2024-08-08 22:56:52', NULL, NULL),
(57, 'DevOps Engineer', 'Automate and streamline development operations and infrastructure.', 'Develop and maintain high-quality software applications<br>Collaborate with cross-functional teams to identify and prioritize project requirements<br>Design, develop, and test new features and functionality<br>Troubleshoot and resolve technical issues<br>Participate in code reviews and ensure adherence to coding standards', '3-5 years of experience in software development', 'Java, Python, C++, JavaScript, HTML/CSS, Agile, Scrum, Version control systems (Git, SVN)', 'Bachelor\'s degree in Computer Science or related field<br>At least 3 years of experience in software development<br>Proficient in languages such as Java, Python, or C++<br>Experience with Agile development methodologies<br>Strong problem-solving skills and attention to detail', '$80,000 - $120,000 per year', 'Mandalay, Myanmar', 'Benjamin Lewis', 31, 2, '2024-08-08 22:56:52', NULL, NULL),
(58, 'QA Tester', 'Test and ensure the quality of software products.', 'Develop and maintain high-quality software applications<br>Collaborate with cross-functional teams to identify and prioritize project requirements<br>Design, develop, and test new features and functionality<br>Troubleshoot and resolve technical issues<br>Participate in code reviews and ensure adherence to coding standards', '3-5 years of experience in software development', 'Java, Python, C++, JavaScript, HTML/CSS, Agile, Scrum, Version control systems (Git, SVN)', 'Bachelor\'s degree in Computer Science or related field<br>At least 3 years of experience in software development<br>Proficient in languages such as Java, Python, or C++<br>Experience with Agile development methodologies<br>Strong problem-solving skills and attention to detail', '$80,000 - $120,000 per year', 'Naypyidaw, Myanmar', 'Charlotte Young', 32, 2, '2024-08-08 22:56:52', NULL, NULL),
(59, 'Project Manager', 'Plan, execute, and close projects efficiently.', 'Develop and maintain high-quality software applications<br>Collaborate with cross-functional teams to identify and prioritize project requirements<br>Design, develop, and test new features and functionality<br>Troubleshoot and resolve technical issues<br>Participate in code reviews and ensure adherence to coding standards', '3-5 years of experience in software development', 'Java, Python, C++, JavaScript, HTML/CSS, Agile, Scrum, Version control systems (Git, SVN)', 'Bachelor\'s degree in Computer Science or related field<br>At least 3 years of experience in software development<br>Proficient in languages such as Java, Python, or C++<br>Experience with Agile development methodologies<br>Strong problem-solving skills and attention to detail', '$80,000 - $120,000 per year', 'Yangon, Myanmar', 'William King', 33, 2, '2024-08-08 22:56:52', NULL, NULL),
(60, 'Systems Analyst', 'Analyze and design IT systems for business needs.', 'Develop and maintain high-quality software applications<br>Collaborate with cross-functional teams to identify and prioritize project requirements<br>Design, develop, and test new features and functionality<br>Troubleshoot and resolve technical issues<br>Participate in code reviews and ensure adherence to coding standards', '3-5 years of experience in software development', 'Java, Python, C++, JavaScript, HTML/CSS, Agile, Scrum, Version control systems (Git, SVN)', 'Bachelor\'s degree in Computer Science or related field<br>At least 3 years of experience in software development<br>Proficient in languages such as Java, Python, or C++<br>Experience with Agile development methodologies<br>Strong problem-solving skills and attention to detail', '$80,000 - $120,000 per year', 'Mandalay, Myanmar', 'Olivia Scott', 34, 2, '2024-08-08 22:56:52', NULL, NULL),
(61, 'Data Scientist', 'Analyze data to gain insights and support decision-making.', 'Develop and maintain high-quality software applications<br>Collaborate with cross-functional teams to identify and prioritize project requirements<br>Design, develop, and test new features and functionality<br>Troubleshoot and resolve technical issues<br>Participate in code reviews and ensure adherence to coding standards', '3-5 years of experience in software development', 'Java, Python, C++, JavaScript, HTML/CSS, Agile, Scrum, Version control systems (Git, SVN)', 'Bachelor\'s degree in Computer Science or related field<br>At least 3 years of experience in software development<br>Proficient in languages such as Java, Python, or C++<br>Experience with Agile development methodologies<br>Strong problem-solving skills and attention to detail', '$80,000 - $120,000 per year', 'Naypyidaw, Myanmar', 'Henry Green', 35, 2, '2024-08-08 22:56:52', NULL, NULL),
(62, 'Cybersecurity Specialist', 'Protect systems and networks from cyber threats.', 'Develop and maintain high-quality software applications<br>Collaborate with cross-functional teams to identify and prioritize project requirements<br>Design, develop, and test new features and functionality<br>Troubleshoot and resolve technical issues<br>Participate in code reviews and ensure adherence to coding standards', '3-5 years of experience in software development', 'Java, Python, C++, JavaScript, HTML/CSS, Agile, Scrum, Version control systems (Git, SVN)', 'Bachelor\'s degree in Computer Science or related field<br>At least 3 years of experience in software development<br>Proficient in languages such as Java, Python, or C++<br>Experience with Agile development methodologies<br>Strong problem-solving skills and attention to detail', '$80,000 - $120,000 per year', 'Yangon, Myanmar', 'Isabella Hall', 36, 2, '2024-08-08 22:56:52', NULL, NULL),
(63, 'Database Administrator', 'Manage and optimize databases.', 'Develop and maintain high-quality software applications<br>Collaborate with cross-functional teams to identify and prioritize project requirements<br>Design, develop, and test new features and functionality<br>Troubleshoot and resolve technical issues<br>Participate in code reviews and ensure adherence to coding standards', '3-5 years of experience in software development', 'Java, Python, C++, JavaScript, HTML/CSS, Agile, Scrum, Version control systems (Git, SVN)', 'Bachelor\'s degree in Computer Science or related field<br>At least 3 years of experience in software development<br>Proficient in languages such as Java, Python, or C++<br>Experience with Agile development methodologies<br>Strong problem-solving skills and attention to detail', '$80,000 - $120,000 per year', 'Mandalay, Myanmar', 'Alexander Turner', 37, 2, '2024-08-08 22:56:52', NULL, NULL),
(64, 'IT Support Specialist', 'Provide technical support to end-users.', 'Develop and maintain high-quality software applications<br>Collaborate with cross-functional teams to identify and prioritize project requirements<br>Design, develop, and test new features and functionality<br>Troubleshoot and resolve technical issues<br>Participate in code reviews and ensure adherence to coding standards', '3-5 years of experience in software development', 'Java, Python, C++, JavaScript, HTML/CSS, Agile, Scrum, Version control systems (Git, SVN)', 'Bachelor\'s degree in Computer Science or related field<br>At least 3 years of experience in software development<br>Proficient in languages such as Java, Python, or C++<br>Experience with Agile development methodologies<br>Strong problem-solving skills and attention to detail', '$80,000 - $120,000 per year', 'Naypyidaw, Myanmar', 'Emily Baker', 38, 2, '2024-08-08 22:56:52', NULL, NULL),
(65, 'Cloud Architect', 'Design and implement cloud infrastructure solutions.', 'Develop and maintain high-quality software applications<br>Collaborate with cross-functional teams to identify and prioritize project requirements<br>Design, develop, and test new features and functionality<br>Troubleshoot and resolve technical issues<br>Participate in code reviews and ensure adherence to coding standards', '3-5 years of experience in software development', 'Java, Python, C++, JavaScript, HTML/CSS, Agile, Scrum, Version control systems (Git, SVN)', 'Bachelor\'s degree in Computer Science or related field<br>At least 3 years of experience in software development<br>Proficient in languages such as Java, Python, or C++<br>Experience with Agile development methodologies<br>Strong problem-solving skills and attention to detail', '$80,000 - $120,000 per year', 'Yangon, Myanmar', 'Michael Wright', 39, 2, '2024-08-08 22:56:52', NULL, NULL),
(66, 'Blockchain Developer', 'Develop blockchain-based applications and smart contracts.', 'Develop and maintain high-quality software applications<br>Collaborate with cross-functional teams to identify and prioritize project requirements<br>Design, develop, and test new features and functionality<br>Troubleshoot and resolve technical issues<br>Participate in code reviews and ensure adherence to coding standards', '3-5 years of experience in software development', 'Java, Python, C++, JavaScript, HTML/CSS, Agile, Scrum, Version control systems (Git, SVN)', 'Bachelor\'s degree in Computer Science or related field<br>At least 3 years of experience in software development<br>Proficient in languages such as Java, Python, or C++<br>Experience with Agile development methodologies<br>Strong problem-solving skills and attention to detail', '$80,000 - $120,000 per year', 'Mandalay, Myanmar', 'Daniel Walker', 40, 2, '2024-08-08 22:56:52', NULL, NULL),
(67, 'Development Team Lead', 'Lead a team of developers in building and maintaining web applications.', 'Develop and maintain high-quality software applications<br>Collaborate with cross-functional teams to identify and prioritize project requirements<br>Design, develop, and test new features and functionality<br>Troubleshoot and resolve technical issues<br>Participate in code reviews and ensure adherence to coding standards', '3-5 years of experience in software development', 'Java, Python, C++, JavaScript, HTML/CSS, Agile, Scrum, Version control systems (Git, SVN)', 'Bachelor\'s degree in Computer Science or related field<br>At least 3 years of experience in software development<br>Proficient in languages such as Java, Python, or C++<br>Experience with Agile development methodologies<br>Strong problem-solving skills and attention to detail', '$80,000 - $120,000 per year', 'Yangon, Myanmar', 'Olivia Evans', 41, 2, '2024-08-08 23:06:50', NULL, NULL),
(68, 'Make my website responsive device compatible', 'Optimize existing website to be fully responsive and device compatible.', 'Develop and maintain high-quality software applications<br>Collaborate with cross-functional teams to identify and prioritize project requirements<br>Design, develop, and test new features and functionality<br>Troubleshoot and resolve technical issues<br>Participate in code reviews and ensure adherence to coding standards', '3-5 years of experience in software development', 'Java, Python, C++, JavaScript, HTML/CSS, Agile, Scrum, Version control systems (Git, SVN)', 'Bachelor\'s degree in Computer Science or related field<br>At least 3 years of experience in software development<br>Proficient in languages such as Java, Python, or C++<br>Experience with Agile development methodologies<br>Strong problem-solving skills and attention to detail', '$80,000 - $120,000 per year', 'Mandalay, Myanmar', 'Liam Davis', 42, 2, '2024-08-08 23:06:50', NULL, NULL),
(69, 'Looking Graphic Designer (Logo + UI)', 'Seeking a skilled graphic designer to create logos and user interface designs.', 'Develop and maintain high-quality software applications<br>Collaborate with cross-functional teams to identify and prioritize project requirements<br>Design, develop, and test new features and functionality<br>Troubleshoot and resolve technical issues<br>Participate in code reviews and ensure adherence to coding standards', '3-5 years of experience in software development', 'Java, Python, C++, JavaScript, HTML/CSS, Agile, Scrum, Version control systems (Git, SVN)', 'Bachelor\'s degree in Computer Science or related field<br>At least 3 years of experience in software development<br>Proficient in languages such as Java, Python, or C++<br>Experience with Agile development methodologies<br>Strong problem-solving skills and attention to detail', '$80,000 - $120,000 per year', 'Naypyidaw, Myanmar', 'Sophia Johnson', 43, 2, '2024-08-08 23:06:50', NULL, NULL),
(70, 'Are you Typography Expert?', 'Looking for a typography expert to enhance text design across various platforms.', 'Develop and maintain high-quality software applications<br>Collaborate with cross-functional teams to identify and prioritize project requirements<br>Design, develop, and test new features and functionality<br>Troubleshoot and resolve technical issues<br>Participate in code reviews and ensure adherence to coding standards', '3-5 years of experience in software development', 'Java, Python, C++, JavaScript, HTML/CSS, Agile, Scrum, Version control systems (Git, SVN)', 'Bachelor\'s degree in Computer Science or related field<br>At least 3 years of experience in software development<br>Proficient in languages such as Java, Python, or C++<br>Experience with Agile development methodologies<br>Strong problem-solving skills and attention to detail', '$80,000 - $120,000 per year', 'Yangon, Myanmar', 'Mason Brown', 44, 2, '2024-08-08 23:06:50', NULL, NULL),
(72, 'React developer', 'We are seeking a talented React Developer to join our team. You will be responsible for developing and maintaining dynamic web applications using React.js, building reusable components, and optimizing performance. Collaborate with UI/UX designers and back-end developers to create seamless user experiences. Strong proficiency in JavaScript, React, and front-end technologies is required.', 'Develop new user-facing features using React.js and other modern web technologies.\r\nBuild reusable components and front-end libraries for future use.\r\nOptimize components for maximum performance across a vast array of web-capable devices and browsers.\r\nTranslate designs and wireframes into high-quality code.\r\nCollaborate with back-end developers and UI/UX designers to improve usability and deliver seamless experiences.\r\nParticipate in code reviews to ensure adherence to best practices and maintain high-quality standards.\r\nDebug and troubleshoot issues, ensuring the performance and stability of the applications.\r\nStay up-to-date with the latest industry trends and technologies to bring new ideas to the team.', '2+ years of professional experience working with React.js.\r\nStrong proficiency in JavaScript (ES6+), including DOM manipulation and the JavaScript object model.\r\nHands-on experience with state management libraries like Redux or Context API.\r\nExperience in building and consuming RESTful APIs.\r\nFamiliarity with modern front-end build pipelines and tools (Webpack, Babel, NPM).\r\nProven experience in optimizing components for performance and cross-browser compatibility.\r\nWorking knowledge of Git and version control systems.\r\nExperience with responsive design and ensuring cross-device compatibility.\r\n', 'Experience with TypeScript.\r\nFamiliarity with Next.js, Gatsby, or similar React-based frameworks.\r\nUnderstanding of GraphQL.\r\nKnowledge of Agile/Scrum methodologies.\r\nExperience with CICD processes and tools like Docker, Jenkins.\r\nUI/UX design experience or familiarity with tools like Figma or Sketch.\r\nExperience with cloud platforms like AWS, Azure, or Google Cloud.\r\n', '3 years of experience in front-end development with a focus on React.js.\r\nProficient in JavaScript (ES6+), HTML5, and CSS3.\r\nStrong understanding of React.js, its core principles, and workflows (such as Redux or Context API).\r\nFamiliarity with RESTful APIs and asynchronous programming.\r\nExperience with popular React.js state management libraries (Redux, MobX, etc.).\r\nKnowledge of version control systems like Git.\r\nExperience with testing frameworks (Jest, React Testing Library, or similar).\r\nUnderstanding of web performance optimization techniques.\r\nGood problem-solving skills and the ability to think critically.\r\nFamiliarity with front-end build pipelines and tools such as Webpack, Babel, NPM.', '30,000 - 45,000 per year', 'Germany (Berlin, Munich, Frankfurt)\r\n', 'someboss', 2, 2, '2024-10-11 16:59:21', NULL, NULL),
(73, 'Vue.js developer', 'We are looking for a skilled Vue.js Developer to join our dynamic development team. In this role, you will be responsible for designing and developing high-performance web applications using Vue.js. You will work closely with other developers, designers, and project managers to deliver exceptional products.', 'Develop and maintain web applications using Vue.js.\r\nCollaborate with the UI/UX design team to implement functional and appealing web designs.\r\nWrite efficient, clean, scalable, and testable code.\r\nOptimize applications for maximum speed and scalability.\r\nTroubleshoot and debug applications, ensuring they are secure and maintainable.\r\nIntegrate Vue.js components with back-end services and APIs.\r\nStay updated with the latest Vue.js developments and ecosystem changes.\r\nParticipate in the full development lifecycle, from concept to deployment and beyond.', 'At least 2-3 years of hands-on experience with Vue.js or similar frameworks like React or Angular.\r\nExperience in building and deploying single-page applications (SPAs).\r\nProven track record of delivering high-quality projects on time.\r\n', 'Proficiency in Vue.js and its core principles, such as components, reactivity, and the virtual DOM.\r\nStrong understanding of HTML5, CSS3, and JavaScript (ES6+).\r\nExperience with Vuex for state management.\r\nFamiliarity with Vue Router for navigation.\r\nKnowledge of RESTful APIs and WebSocket integration.\r\nExperience with front-end build tools like Webpack or Vite.\r\nUnderstanding of responsive design and cross-browser compatibility.\r\nFamiliarity with Git version control.\r\n', 'Good communication skills and the ability to work in a team.\r\nAttention to detail and a passion for creating clean, efficient code.\r\nAbility to work in an Agile environment and adapt to changing priorities.\r\nExperience with unit testing and test-driven development (TDD) is a plus.\r\nFamiliarity with back-end technologies (Node.js, PHP, etc.) is a bonus.', '30,000 - 45,000 per year', 'Remote', 'someboss', 2, 2, '2024-10-21 17:22:23', NULL, NULL);

-- --------------------------------------------------------

--
-- Table structure for table `job_categories`
--

CREATE TABLE `job_categories` (
  `id` int(11) NOT NULL,
  `title` varchar(100) NOT NULL,
  `description` text NOT NULL,
  `created_at` timestamp NOT NULL DEFAULT current_timestamp()
) ENGINE=InnoDB DEFAULT CHARSET=utf8mb4 COLLATE=utf8mb4_general_ci;

--
-- Dumping data for table `job_categories`
--

INSERT INTO `job_categories` (`id`, `title`, `description`, `created_at`) VALUES
(1, 'Accountant', 'Manage financial records and prepare tax returns.', '2024-08-07 22:10:29'),
(2, 'Software Engineer', 'Develop and maintain software applications.', '2024-08-07 22:10:29'),
(3, 'Human Resources Manager', 'Oversee recruitment, training, and employee relations.', '2024-08-07 22:10:29'),
(4, 'Administrative Assistant', 'Provide administrative support to teams and departments.', '2024-08-07 22:10:29'),
(5, 'Data Analyst', 'Analyze and interpret data to inform business decisions.', '2024-08-07 22:10:29'),
(6, 'Marketing Manager', 'Develop and execute marketing campaigns to promote products or services.', '2024-08-07 22:10:29'),
(7, 'Network Administrator', 'Install, configure, and maintain computer networks.', '2024-08-07 22:10:29'),
(8, 'Graphic Designer', 'Create visual content for websites, social media, and marketing materials.', '2024-08-07 22:10:29'),
(9, 'Customer Service Representative', 'Respond to customer inquiries and resolve issues.', '2024-08-07 22:10:29'),
(10, 'Operations Manager', 'Oversee daily operations and manage teams to achieve business objectives.', '2024-08-07 22:10:29'),
(11, 'Frontend Developer', 'Develop responsive and interactive web applications using HTML, CSS, and JavaScript.', '2024-08-07 22:10:29'),
(12, 'Backend Developer', 'Design and develop scalable and secure backend systems using Node.js and Ruby on Rails.', '2024-08-07 22:10:29'),
(13, 'Full Stack Developer', 'Develop complete web applications using React, Angular, and Vue.js.', '2024-08-07 22:10:29'),
(14, 'Game Developer', 'Design and develop engaging and interactive games using Unity and Unreal Engine.', '2024-08-07 22:10:29'),
(15, 'UX/UI Designer', 'Create user-centered design solutions for web and mobile applications.', '2024-08-07 22:10:29'),
(16, 'Web Developer', 'Develop and maintain dynamic web applications using PHP and Laravel.', '2024-08-07 22:10:29'),
(17, 'Game Artist', 'Create 2D and 3D game assets, including characters, environments, and effects.', '2024-08-07 22:10:29'),
(18, 'Quality Assurance Engineer', 'Test and ensure the quality of web and mobile applications.', '2024-08-07 22:10:29'),
(19, 'DevOps Engineer', 'Design and implement scalable and secure infrastructure for web applications.', '2024-08-07 22:10:29'),
(20, 'Technical Writer', 'Create technical documentation and guides for web and mobile applications.', '2024-08-07 22:10:29');

-- --------------------------------------------------------

--
-- Table structure for table `locations`
--

CREATE TABLE `locations` (
  `id` int(11) NOT NULL,
  `city` varchar(100) NOT NULL,
  `country` varchar(100) NOT NULL,
  `zipcode` varchar(20) NOT NULL,
  `timezone` varchar(50) NOT NULL
) ENGINE=InnoDB DEFAULT CHARSET=utf8mb4 COLLATE=utf8mb4_general_ci;

--
-- Dumping data for table `locations`
--

INSERT INTO `locations` (`id`, `city`, `country`, `zipcode`, `timezone`) VALUES
(1, 'New York', 'United States', '10021', 'America/New_York'),
(2, 'London', 'United Kingdom', 'SW1A 1AA', 'Europe/London'),
(3, 'Tokyo', 'Japan', '100-0001', 'Asia/Tokyo'),
(4, 'Paris', 'France', '75001', 'Europe/Paris'),
(5, 'Beijing', 'China', '100000', 'Asia/Shanghai'),
(6, 'Sydney', 'Australia', '2000', 'Australia/Sydney'),
(7, 'Bangkok', 'Thailand', '10110', 'Asia/Bangkok'),
(8, 'Dubai', 'United Arab Emirates', '00000', 'Asia/Dubai'),
(9, 'Mumbai', 'India', '400001', 'Asia/Kolkata'),
(10, 'Los Angeles', 'United States', '90001', 'America/Los_Angeles');

--
-- Indexes for dumped tables
--

--
-- Indexes for table `admins`
--
ALTER TABLE `admins`
  ADD PRIMARY KEY (`id`),
  ADD UNIQUE KEY `username` (`username`),
  ADD UNIQUE KEY `email` (`email`);

--
-- Indexes for table `applied_jobs`
--
ALTER TABLE `applied_jobs`
  ADD PRIMARY KEY (`id`),
  ADD KEY `employee_id` (`employee_id`),
  ADD KEY `job_id` (`job_id`);

--
-- Indexes for table `employees`
--
ALTER TABLE `employees`
  ADD PRIMARY KEY (`id`),
  ADD UNIQUE KEY `username` (`username`),
  ADD UNIQUE KEY `email` (`email`);

--
-- Indexes for table `employers`
--
ALTER TABLE `employers`
  ADD PRIMARY KEY (`id`),
  ADD UNIQUE KEY `username` (`username`),
  ADD UNIQUE KEY `email` (`email`);

--
-- Indexes for table `jobs`
--
ALTER TABLE `jobs`
  ADD PRIMARY KEY (`id`);

--
-- Indexes for table `job_categories`
--
ALTER TABLE `job_categories`
  ADD PRIMARY KEY (`id`);

--
-- AUTO_INCREMENT for dumped tables
--

--
-- AUTO_INCREMENT for table `admins`
--
ALTER TABLE `admins`
  MODIFY `id` int(11) NOT NULL AUTO_INCREMENT, AUTO_INCREMENT=8;

--
-- AUTO_INCREMENT for table `applied_jobs`
--
ALTER TABLE `applied_jobs`
  MODIFY `id` int(11) NOT NULL AUTO_INCREMENT, AUTO_INCREMENT=13;

--
-- AUTO_INCREMENT for table `employees`
--
ALTER TABLE `employees`
  MODIFY `id` bigint(20) UNSIGNED NOT NULL AUTO_INCREMENT, AUTO_INCREMENT=40;

--
-- AUTO_INCREMENT for table `employers`
--
ALTER TABLE `employers`
  MODIFY `id` bigint(20) UNSIGNED NOT NULL AUTO_INCREMENT, AUTO_INCREMENT=79;

--
-- AUTO_INCREMENT for table `jobs`
--
ALTER TABLE `jobs`
  MODIFY `id` int(11) NOT NULL AUTO_INCREMENT, AUTO_INCREMENT=74;

--
-- AUTO_INCREMENT for table `job_categories`
--
ALTER TABLE `job_categories`
  MODIFY `id` int(11) NOT NULL AUTO_INCREMENT, AUTO_INCREMENT=21;

--
-- Constraints for dumped tables
--

--
-- Constraints for table `applied_jobs`
--
ALTER TABLE `applied_jobs`
  ADD CONSTRAINT `applied_jobs_ibfk_1` FOREIGN KEY (`employee_id`) REFERENCES `employees` (`id`),
  ADD CONSTRAINT `applied_jobs_ibfk_2` FOREIGN KEY (`job_id`) REFERENCES `jobs` (`id`);
COMMIT;

/*!40101 SET CHARACTER_SET_CLIENT=@OLD_CHARACTER_SET_CLIENT */;
/*!40101 SET CHARACTER_SET_RESULTS=@OLD_CHARACTER_SET_RESULTS */;
/*!40101 SET COLLATION_CONNECTION=@OLD_COLLATION_CONNECTION */;
